{"models/user.py": {"total": {"h1": 0, "h2": 0, "N1": 0, "N2": 0, "vocabulary": 0, "length": 0, "calculated_length": 0, "volume": 0, "difficulty": 0, "effort": 0, "time": 0.0, "bugs": 0.0}, "functions": {"__init__": {"h1": 0, "h2": 0, "N1": 0, "N2": 0, "vocabulary": 0, "length": 0, "calculated_length": 0, "volume": 0, "difficulty": 0, "effort": 0, "time": 0.0, "bugs": 0.0}, "add_vehicle": {"h1": 0, "h2": 0, "N1": 0, "N2": 0, "vocabulary": 0, "length": 0, "calculated_length": 0, "volume": 0, "difficulty": 0, "effort": 0, "time": 0.0, "bugs": 0.0}}}, "models/vehicle.py": {"total": {"h1": 3, "h2": 6, "N1": 4, "N2": 8, "vocabulary": 9, "length": 12, "calculated_length": 20.264662506490406, "volume": 38.03910001730775, "difficulty": 2.0, "effort": 76.0782000346155, "time": 4.226566668589751, "bugs": 0.012679700005769252}, "functions": {"__init__": {"h1": 0, "h2": 0, "N1": 0, "N2": 0, "vocabulary": 0, "length": 0, "calculated_length": 0, "volume": 0, "difficulty": 0, "effort": 0, "time": 0.0, "bugs": 0.0}, "calculate_fare": {"h1": 1, "h2": 2, "N1": 1, "N2": 2, "vocabulary": 3, "length": 3, "calculated_length": 2.0, "volume": 4.754887502163469, "difficulty": 0.5, "effort": 2.3774437510817346, "time": 0.1320802083934297, "bugs": 0.0015849625007211565}}}, "models/parking_lot.py": {"total": {"h1": 2, "h2": 5, "N1": 4, "N2": 5, "vocabulary": 7, "length": 9, "calculated_length": 13.60964047443681, "volume": 25.26619429851844, "difficulty": 1.0, "effort": 25.26619429851844, "time": 1.403677461028802, "bugs": 0.008422064766172813}, "functions": {"__init__": {"h1": 1, "h2": 2, "N1": 1, "N2": 2, "vocabulary": 3, "length": 3, "calculated_length": 2.0, "volume": 4.754887502163469, "difficulty": 0.5, "effort": 2.3774437510817346, "time": 0.1320802083934297, "bugs": 0.0015849625007211565}, "park": {"h1": 1, "h2": 1, "N1": 1, "N2": 1, "vocabulary": 2, "length": 2, "calculated_length": 0.0, "volume": 2.0, "difficulty": 0.5, "effort": 1.0, "time": 0.05555555555555555, "bugs": 0.0006666666666666666}, "leave": {"h1": 0, "h2": 0, "N1": 0, "N2": 0, "vocabulary": 0, "length": 0, "calculated_length": 0, "volume": 0, "difficulty": 0, "effort": 0, "time": 0.0, "bugs": 0.0}, "get_random_free_slot": {"h1": 1, "h2": 2, "N1": 2, "N2": 2, "vocabulary": 3, "length": 4, "calculated_length": 2.0, "volume": 6.339850002884625, "difficulty": 0.5, "effort": 3.1699250014423126, "time": 0.17610694452457293, "bugs": 0.002113283334294875}, "get_all_slots": {"h1": 0, "h2": 0, "N1": 0, "N2": 0, "vocabulary": 0, "length": 0, "calculated_length": 0, "volume": 0, "difficulty": 0, "effort": 0, "time": 0.0, "bugs": 0.0}}}, "services/parking_service.py": {"total": {"h1": 3, "h2": 8, "N1": 5, "N2": 10, "vocabulary": 11, "length": 15, "calculated_length": 28.75488750216347, "volume": 51.89147427955947, "difficulty": 1.875, "effort": 97.296514274174, "time": 5.405361904120777, "bugs": 0.01729715809318649}, "functions": {"__init__": {"h1": 0, "h2": 0, "N1": 0, "N2": 0, "vocabulary": 0, "length": 0, "calculated_length": 0, "volume": 0, "difficulty": 0, "effort": 0, "time": 0.0, "bugs": 0.0}, "park_vehicle": {"h1": 2, "h2": 4, "N1": 2, "N2": 4, "vocabulary": 6, "length": 6, "calculated_length": 10.0, "volume": 15.509775004326936, "difficulty": 1.0, "effort": 15.509775004326936, "time": 0.861654166907052, "bugs": 0.005169925001442312}, "leave_slot": {"h1": 2, "h2": 4, "N1": 3, "N2": 6, "vocabulary": 6, "length": 9, "calculated_length": 10.0, "volume": 23.264662506490403, "difficulty": 1.5, "effort": 34.89699375973561, "time": 1.938721875540867, "bugs": 0.007754887502163467}, "get_all_slots": {"h1": 0, "h2": 0, "N1": 0, "N2": 0, "vocabulary": 0, "length": 0, "calculated_length": 0, "volume": 0, "difficulty": 0, "effort": 0, "time": 0.0, "bugs": 0.0}}}, "services/db_service.py": {"total": {"h1": 0, "h2": 0, "N1": 0, "N2": 0, "vocabulary": 0, "length": 0, "calculated_length": 0, "volume": 0, "difficulty": 0, "effort": 0, "time": 0.0, "bugs": 0.0}, "functions": {"__init__": {"h1": 0, "h2": 0, "N1": 0, "N2": 0, "vocabulary": 0, "length": 0, "calculated_length": 0, "volume": 0, "difficulty": 0, "effort": 0, "time": 0.0, "bugs": 0.0}, "connect": {"h1": 0, "h2": 0, "N1": 0, "N2": 0, "vocabulary": 0, "length": 0, "calculated_length": 0, "volume": 0, "difficulty": 0, "effort": 0, "time": 0.0, "bugs": 0.0}, "create_tables": {"h1": 0, "h2": 0, "N1": 0, "N2": 0, "vocabulary": 0, "length": 0, "calculated_length": 0, "volume": 0, "difficulty": 0, "effort": 0, "time": 0.0, "bugs": 0.0}, "add_history": {"h1": 0, "h2": 0, "N1": 0, "N2": 0, "vocabulary": 0, "length": 0, "calculated_length": 0, "volume": 0, "difficulty": 0, "effort": 0, "time": 0.0, "bugs": 0.0}, "get_all_history": {"h1": 0, "h2": 0, "N1": 0, "N2": 0, "vocabulary": 0, "length": 0, "calculated_length": 0, "volume": 0, "difficulty": 0, "effort": 0, "time": 0.0, "bugs": 0.0}}}, "services/metrics_service.py": {"total": {"h1": 3, "h2": 11, "N1": 6, "N2": 12, "vocabulary": 14, "length": 18, "calculated_length": 42.808635307173745, "volume": 68.53238859703687, "difficulty": 1.6363636363636365, "effort": 112.14390861333307, "time": 6.23021714518517, "bugs": 0.022844129532345624}, "functions": {"__init__": {"h1": 0, "h2": 0, "N1": 0, "N2": 0, "vocabulary": 0, "length": 0, "calculated_length": 0, "volume": 0, "difficulty": 0, "effort": 0, "time": 0.0, "bugs": 0.0}, "get_parking_history": {"h1": 0, "h2": 0, "N1": 0, "N2": 0, "vocabulary": 0, "length": 0, "calculated_length": 0, "volume": 0, "difficulty": 0, "effort": 0, "time": 0.0, "bugs": 0.0}, "calculate_system_metrics": {"h1": 3, "h2": 11, "N1": 6, "N2": 12, "vocabulary": 14, "length": 18, "calculated_length": 42.808635307173745, "volume": 68.53238859703687, "difficulty": 1.6363636363636365, "effort": 112.14390861333307, "time": 6.23021714518517, "bugs": 0.022844129532345624}}}}
